﻿{"cameraMode":{"drawMode":0,"name":"Shaded","section":"Shading Mode"},"sceneLighting":false,"audioPlay":false,"sceneViewState":{"m_AlwaysRefresh":false,"showFog":true,"showSkybox":false,"showFlares":true,"showImageEffects":true,"showParticleSystems":true,"showVisualEffectGraphs":true,"m_FxEnabled":true},"in2DMode":false,"pivot":{"x":504.5,"y":340.0,"z":0.0},"rotation":{"x":-0.02249574102461338,"y":0.014995841309428215,"z":0.00033711749711073935,"w":0.999639093875885},"size":608.3750610351563,"orthographic":false}