﻿{"cameraMode":{"drawMode":0,"name":"Shaded","section":"Shading Mode"},"sceneLighting":true,"audioPlay":false,"sceneViewState":{"m_AlwaysRefresh":false,"showFog":true,"showSkybox":true,"showFlares":true,"showImageEffects":true,"showParticleSystems":true,"showVisualEffectGraphs":true,"m_FxEnabled":true},"in2DMode":false,"pivot":{"x":485.9478454589844,"y":340.3760986328125,"z":589.1278686523438},"rotation":{"x":-0.02249574102461338,"y":0.014995841309428215,"z":0.00033711749711073935,"w":0.999639093875885},"size":454.014404296875,"orthographic":false}